customer_id,order_count,avg_order_value,total_spend,discount_ratio,recency_days,purchase_frequency,margin_pct,membership,complaints,rfm_score
1,5,85.79,428.95,0.09623732,342,0.439,0.13,0,0,7
2,4,66.9,267.6,0.391311413,56,2.143,0.52,0,1,9
3,4,8.94,35.76,0.475590437,59,2.034,0.37,0,1,8
4,5,307.57,1537.85,0.326990867,220,0.682,0.53,0,0,11
5,5,85.6,428,0.302156126,185,0.811,0.48,0,0,9
6,3,290.11,870.33,0.267575149,47,1.915,0.42,0,0,11
7,5,112.44,562.2,0.121248024,102,1.471,0.39,1,0,11
8,4,35.39,141.56,0.100497365,44,2.727,0.08,0,0,8
9,6,31.12,186.72,0.386493955,15,12,0.53,0,1,11
10,7,108.62,760.34,0.118266387,236,0.89,0.28,0,0,10
11,2,96.45,192.9,0.166263327,361,0.166,0.36,0,0,4
12,5,47.97,239.85,0.189438381,51,2.941,0.06,0,1,10
13,5,91.92,459.6,0.344904961,309,0.485,0.56,0,0,8
14,6,290.41,1742.46,0.247040989,34,5.294,0.55,0,0,14
15,4,294.71,1178.84,0.204789859,124,0.968,0.35,0,0,11
16,6,127.06,762.36,0.138235915,77,2.338,0.37,0,1,13
17,6,61.65,369.9,0.580231923,123,1.463,0.44,1,0,11
18,1,100.59,100.59,0.095957627,205,0.146,0.2,0,0,5
19,7,41.14,287.98,0.116575207,228,0.921,0.17,0,0,10
20,2,133.71,267.42,0.107059018,70,0.857,0.42,1,0,8
21,11,25.45,279.95,0.457822515,230,1.435,0.11,0,0,10
22,4,101.35,405.4,0.244841783,21,5.714,0.3,0,0,10
23,3,168.37,505.11,0.331187332,108,0.833,0.32,0,0,9
24,8,119.69,957.52,0.158847059,364,0.659,0.26,1,0,11
25,3,39.98,119.94,0.304234567,241,0.373,0.15,1,0,4
26,3,205.64,616.92,0.078276672,251,0.359,0.25,1,0,7
27,5,85.06,425.3,0.336139588,135,1.111,0.24,0,0,10
28,8,86.63,693.04,0.123302883,90,2.667,0.32,0,1,13
29,3,131.46,394.38,0.119182981,79,1.139,0.42,0,0,9
30,2,40.9,81.8,0.164815788,177,0.339,0.58,0,0,5
31,5,63.3,316.5,0.242289894,298,0.503,0.13,1,1,7
32,3,183.62,550.86,0.053325127,308,0.292,0.53,0,0,6
33,8,19.04,152.32,0.071320995,102,2.353,0.21,0,0,11
34,10,113.38,1133.8,0.194201841,361,0.831,0.38,1,0,11
35,3,44.4,133.2,0.263393822,335,0.269,0.35,1,0,3
36,2,64.91,129.82,0.242125439,112,0.536,0.36,0,0,6
37,5,38.29,191.45,0.12797517,181,0.829,0.45,0,0,8
38,7,54.04,378.28,0.227665748,104,2.019,0.26,0,1,11
39,6,80.03,480.18,0.232549223,16,11.25,0.23,0,0,13
40,6,74.84,449.04,0.116270303,96,1.875,0.52,0,0,11
41,2,43.65,87.3,0.200053043,293,0.205,0.17,0,0,4
42,4,8.78,35.12,0.141387582,146,0.822,0.15,1,1,7
43,9,39.22,352.98,0.269846165,302,0.894,0.06,0,0,9
44,7,41.18,288.26,0.058925932,2,105,0.17,0,0,12
45,11,133.81,1471.91,0.102469048,119,2.773,0.34,0,0,14
46,8,36.55,292.4,0.260551734,343,0.7,0.35,0,0,9
47,3,46.9,140.7,0.274654569,94,0.957,0.19,0,1,6
48,2,182.36,364.72,0.134134238,191,0.314,0.09,1,0,7
49,3,62.45,187.35,0.07586805,3,30,0.46,1,1,8
50,4,113.08,452.32,0.195236037,111,1.081,0.47,0,0,9
51,5,36.2,181,0.250934774,177,0.847,0.6,1,0,8
52,5,182.61,913.05,0.135484186,257,0.584,0.55,0,0,10
53,4,81.49,325.96,0.127144718,361,0.332,0.56,0,1,6
54,3,23.63,70.89,0.264515647,22,4.091,0.49,0,0,7
55,8,135.4,1083.2,0.350653534,220,1.091,0.39,1,0,13
56,2,71.15,142.3,0.255313691,173,0.347,0.12,0,0,5
57,1,166.66,166.66,0.120920111,224,0.134,0.39,0,0,6
58,4,196.52,786.08,0.122255177,65,1.846,0.08,1,0,12
59,5,61.22,306.1,0.129000948,277,0.542,0.54,0,0,8
60,4,93.07,372.28,0.126209605,249,0.482,0.32,0,0,7
61,3,86.64,259.92,0.062448942,260,0.346,0.43,0,0,5
62,4,221.23,884.92,0.233752019,131,0.916,0.08,0,0,11
63,8,40.23,321.84,0.177386108,113,2.124,0.34,0,0,12
64,2,20.43,40.86,0.253007886,286,0.21,0.22,0,0,4
65,2,71.17,142.34,0.119877358,287,0.209,0.21,1,0,4
66,2,38.39,76.78,0.178927009,211,0.284,0.26,0,0,5
67,7,73.64,515.48,0.229684077,20,10.5,0.05,0,0,13
68,6,210.73,1264.38,0.049082148,215,0.837,0.31,0,0,12
69,7,103.94,727.58,0.232418102,310,0.677,0.32,1,0,9
70,6,111.36,668.16,0.378110985,251,0.717,0.52,1,0,10
71,7,69.01,483.07,0.169401486,271,0.775,0.3,0,1,10
72,6,48.63,291.78,0.270560251,180,1,0.25,0,1,10
73,4,87.06,348.24,0.036479941,194,0.619,0.6,1,1,8
74,2,46.82,93.64,0.236945191,313,0.192,0.36,1,0,3
75,3,113.14,339.42,0.052676899,79,1.139,0.31,0,1,9
76,4,32.39,129.56,0.548561979,180,0.667,0.32,0,0,6
77,7,40.46,283.22,0.048625505,163,1.288,0.5,0,0,10
78,4,65.04,260.16,0.042638275,202,0.594,0.24,0,0,7
79,3,53.39,160.17,0.13823281,14,6.429,0.26,1,0,8
80,2,93.46,186.92,0.021212264,347,0.173,0.47,0,0,4
81,6,388.02,2328.12,0.14631164,246,0.732,0.09,0,0,11
82,3,180.44,541.32,0.132527659,14,6.429,0.53,0,0,10
83,5,152.92,764.6,0.360101798,99,1.515,0.29,0,1,11
84,9,15.06,135.54,0.250772542,33,8.182,0.37,0,0,11
85,6,127.01,762.06,0.106559959,257,0.7,0.47,0,0,10
86,6,129.57,777.42,0.110111601,34,5.294,0.2,0,1,14
87,9,115.49,1039.41,0.027512189,19,14.211,0.54,0,1,15
88,4,41.67,166.68,0.22148681,152,0.789,0.59,0,0,7
89,9,94.9,854.1,0.197239236,260,1.038,0.32,1,0,12
90,2,111.2,222.4,0.04779938,164,0.366,0.57,1,0,6
91,10,58.81,588.1,0.092909015,77,3.896,0.05,0,0,14
92,6,119.95,719.7,0.389600157,314,0.573,0.54,1,0,9
93,9,141.69,1275.21,0.241025089,137,1.971,0.22,0,0,14
94,4,72.6,290.4,0.309361248,359,0.334,0.22,0,0,6
95,1,33.56,33.56,0.240484342,208,0.144,0.18,1,0,5
96,6,14.98,89.88,0.07931728,242,0.744,0.22,0,0,7
97,8,67.98,543.84,0.068606005,67,3.582,0.17,0,0,14
98,6,35.21,211.26,0.114579017,116,1.552,0.55,1,0,10
99,2,58.44,116.88,0.054268219,202,0.297,0.54,1,0,5
100,3,110.18,330.54,0.371022213,250,0.36,0.11,0,1,6
101,5,110.42,552.1,0.101465111,278,0.54,0.13,1,0,9
102,3,57.79,173.37,0.108510105,112,0.804,0.52,0,0,7
103,3,41.14,123.42,0.27175979,331,0.272,0.27,0,0,3
104,5,66.84,334.2,0.15044518,234,0.641,0.14,0,0,8
105,6,202.28,1213.68,0.289134577,176,1.023,0.33,0,0,12
106,5,11.68,58.4,0.087815036,143,1.049,0.28,0,0,8
107,3,58.98,176.94,0.133301105,32,2.812,0.17,0,1,8
108,5,29.57,147.85,0.120564406,181,0.829,0.45,0,0,8
109,3,155.05,465.15,0.315580877,67,1.343,0.4,0,0,10
110,3,109.25,327.75,0.244935277,4,22.5,0.1,0,0,9
111,6,89.81,538.86,0.075840288,286,0.629,0.56,0,0,10
112,5,37.73,188.65,0.074898765,269,0.558,0.36,1,0,7
113,6,29.34,176.04,0.279443482,236,0.763,0.19,0,1,8
114,2,109.14,218.28,0.104689859,277,0.217,0.16,0,1,5
115,4,78.59,314.36,0.166670782,41,2.927,0.12,0,0,10
116,7,39.33,275.31,0.460489405,121,1.736,0.28,1,1,11
117,6,80.08,480.48,0.482930974,275,0.655,0.12,0,0,10
118,5,68.39,341.95,0.423913226,231,0.649,0.28,0,1,8
119,4,162.89,651.56,0.147350287,304,0.395,0.13,0,0,7
120,3,117.61,352.83,0.261135296,86,1.047,0.41,0,1,8
121,3,72.02,216.06,0.261675789,63,1.429,0.48,0,0,8
122,7,96.08,672.56,0.110621351,192,1.094,0.35,0,0,11
123,7,111.06,777.42,0.198258792,293,0.717,0.42,1,0,11
124,6,83.38,500.28,0.128779028,31,5.806,0.57,0,0,13
125,6,21.89,131.34,0.16536191,330,0.545,0.4,1,0,6
126,7,196.66,1376.62,0.100264029,146,1.438,0.25,1,0,13
127,8,322.16,2577.28,0.062829967,107,2.243,0.3,1,0,14
128,6,187.2,1123.2,0.274468843,359,0.501,0.52,1,1,10
129,3,168.43,505.29,0.122944104,110,0.818,0.12,1,0,9
130,7,59.91,419.37,0.128060288,276,0.761,0.23,0,0,9
131,5,226.11,1130.55,0.251727763,210,0.714,0.37,0,0,11
132,5,109.21,546.05,0.172453792,139,1.079,0.42,0,1,11
133,7,172.06,1204.42,0.148125837,86,2.442,0.47,1,0,13
134,4,96.79,387.16,0.097727203,44,2.727,0.23,0,0,10
135,9,29.47,265.23,0.180427481,82,3.293,0.13,0,0,11
136,4,73.92,295.68,0.265858064,64,1.875,0.58,0,0,10
137,5,146.45,732.25,0.210804311,343,0.437,0.09,1,0,8
138,2,60.5,121,0.738517657,321,0.187,0.1,1,0,3
139,6,98.49,590.94,0.160208653,55,3.273,0.32,0,0,13
140,3,59.48,178.44,0.12923744,74,1.216,0.5,0,0,8
141,6,44.67,268.02,0.159792355,129,1.395,0.48,0,0,10
142,2,1.63,3.26,0.207873761,256,0.234,0.57,0,1,4
143,3,8.38,25.14,0.117395757,231,0.39,0.13,0,0,4
144,5,35.75,178.75,0.326714336,137,1.095,0.26,0,1,9
145,3,54.52,163.56,0.193900534,351,0.256,0.21,1,0,4
146,4,180.8,723.2,0.033607277,355,0.338,0.52,0,0,7
147,5,36.7,183.5,0.021267112,112,1.339,0.32,0,1,9
148,6,35.45,212.7,0.16229351,308,0.584,0.06,1,0,7
149,3,269.99,809.97,0.00330575,146,0.616,0.44,0,0,10
150,3,163.02,489.06,0.195571872,33,2.727,0.26,0,0,10
151,4,468.71,1874.84,0.035737071,260,0.462,0.34,0,1,9
152,5,130.68,653.4,0.021740115,87,1.724,0.54,1,0,11
153,4,38.56,154.24,0.392274354,331,0.363,0.19,0,0,5
154,2,4.54,9.08,0.148708539,265,0.226,0.18,0,0,4
155,6,105.19,631.14,0.039246014,320,0.562,0.19,1,1,9
156,6,259.47,1556.82,0.031295461,30,6,0.24,1,0,14
157,8,45.52,364.16,0.384983844,232,1.034,0.11,0,0,10
158,1,121.73,121.73,0.088276371,76,0.395,0.43,1,0,7
159,6,34.69,208.14,0.031559361,129,1.395,0.16,1,0,10
160,2,40.41,80.82,0.04714721,271,0.221,0.56,1,0,4
161,5,64.81,324.05,0.354507085,89,1.685,0.17,1,1,10
162,2,190.37,380.74,0.040970832,170,0.353,0.19,0,0,7
163,6,87.07,522.42,0.11092029,128,1.406,0.21,0,0,12
164,4,103.1,412.4,0.194494474,174,0.69,0.47,0,1,8
165,3,52.38,157.14,0.249561982,26,3.462,0.29,0,0,8
166,5,84.75,423.75,0.242292116,61,2.459,0.5,1,0,11
167,6,86.13,516.78,0.117393486,67,2.687,0.48,1,0,13
168,3,119.48,358.44,0.132761346,26,3.462,0.56,0,1,9
169,4,56.32,225.28,0.1965304,83,1.446,0.47,0,0,8
170,8,96.15,769.2,0.042835276,364,0.659,0.08,0,0,10
171,4,3.95,15.8,0.081561145,60,2,0.51,0,0,8
172,10,15.22,152.2,0.233609063,39,7.692,0.57,1,0,12
173,4,84.24,336.96,0.166880331,123,0.976,0.6,0,0,9
174,5,25.53,127.65,0.069719989,292,0.514,0.12,0,0,6
175,10,120.65,1206.5,0.036627141,277,1.083,0.39,0,1,12
176,3,71.74,215.22,0.114202321,304,0.296,0.16,0,0,4
177,4,99.26,397.04,0.512694186,282,0.426,0.19,1,0,7
178,7,156.12,1092.84,0.093673523,191,1.099,0.46,0,1,12
179,5,67.81,339.05,0.097720581,292,0.514,0.59,1,0,8
180,10,16.55,165.5,0.354604071,152,1.974,0.38,0,0,10
181,4,38.7,154.8,0.064136361,233,0.515,0.52,0,0,6
182,2,162.2,324.4,0.136677935,146,0.411,0.05,0,0,8
183,3,223.5,670.5,0.228611168,271,0.332,0.07,1,0,7
184,5,54.05,270.25,0.251614479,335,0.448,0.38,0,0,6
185,8,82.39,659.12,0.372456787,134,1.791,0.26,0,0,13
186,4,12.75,51,0.268014889,171,0.702,0.54,0,0,6
187,3,114.22,342.66,0.308276601,28,3.214,0.22,0,0,9
188,8,149.37,1194.96,0.058944327,136,1.765,0.29,0,0,14
189,6,64.03,384.18,0.111733042,241,0.747,0.34,0,0,9
190,8,140.86,1126.88,0.229129081,344,0.698,0.2,0,0,11
191,3,159.93,479.79,0.235833335,228,0.395,0.55,0,0,8
192,3,60.63,181.89,0.283503311,287,0.314,0.31,0,0,5
193,5,25.89,129.45,0.092451368,303,0.495,0.28,0,0,5
194,11,104.72,1151.92,0.128297188,34,9.706,0.52,1,0,15
195,7,83.54,584.78,0.436615302,2,105,0.22,0,0,13
196,4,58.18,232.72,0.115607608,362,0.331,0.5,1,0,5
197,3,42.76,128.28,0.262991247,195,0.462,0.12,0,0,5
198,8,154.95,1239.6,0.220900773,94,2.553,0.15,1,0,14
199,8,227.97,1823.76,0.114945457,328,0.732,0.57,0,0,11
200,3,88.97,266.91,0.065967199,308,0.292,0.51,0,1,4
201,3,14.05,42.15,0.074509691,135,0.667,0.26,1,1,6
202,6,98.46,590.76,0.217882613,204,0.882,0.4,1,0,11
203,2,89.04,178.08,0.132637191,250,0.24,0.57,1,0,5
204,7,58.85,411.95,0.13023811,147,1.429,0.17,1,0,11
205,5,44.3,221.5,0.097360476,346,0.434,0.08,0,0,6
206,5,81.63,408.15,0.420703443,348,0.431,0.35,0,1,7
207,6,130.71,784.26,0.23690895,254,0.709,0.13,0,0,11
208,1,66.7,66.7,0.241120689,334,0.09,0.15,1,0,3
209,10,55.06,550.6,0.137051303,176,1.705,0.54,0,1,12
210,2,76.88,153.76,0.164447075,125,0.48,0.05,1,0,7
211,5,105.22,526.1,0.368652708,251,0.598,0.5,0,0,9
212,4,92,368,0.280640319,131,0.916,0.33,0,1,9
213,5,87.11,435.55,0.422147636,50,3,0.36,0,0,11
214,4,47.05,188.2,0.1787772,93,1.29,0.42,0,0,8
215,5,137.73,688.65,0.119513027,310,0.484,0.29,1,0,8
216,6,186.25,1117.5,0.434932466,220,0.818,0.11,0,0,12
217,1,85.45,85.45,0.131773305,334,0.09,0.11,1,1,3
218,3,146.9,440.7,0.17923293,334,0.269,0.46,1,0,5
219,2,100.3,200.6,0.180184688,20,3,0.17,0,0,8
220,5,34.18,170.9,0.296113327,205,0.732,0.07,1,0,8
221,4,132.29,529.16,0.247230735,91,1.319,0.59,0,0,10
222,7,82.53,577.71,0.171989041,355,0.592,0.59,0,0,9
223,7,141.64,991.48,0.386756704,173,1.214,0.26,0,0,12
224,2,228.69,457.38,0.087392005,189,0.317,0.06,0,0,7
225,6,64.06,384.36,0.431089883,312,0.577,0.45,0,0,8
226,7,36.3,254.1,0.481481564,2,105,0.51,1,0,11
227,2,48.01,96.02,0.163753151,361,0.166,0.12,0,0,3
228,7,129.27,904.89,0.165713257,168,1.25,0.12,0,0,12
229,5,127.39,636.95,0.090792395,24,6.25,0.5,0,0,12
230,7,134.22,939.54,0.344940257,68,3.088,0.56,0,0,14
231,6,63.41,380.46,0.469658557,194,0.928,0.48,1,0,10
232,5,92.56,462.8,0.173905628,84,1.786,0.16,1,0,11
233,6,85.98,515.88,0.308474626,207,0.87,0.28,0,0,11
234,5,214.23,1071.15,0.214050312,49,3.061,0.38,1,0,13
235,4,57.8,231.2,0.118758901,32,3.75,0.14,0,0,9
236,7,52.25,365.75,0.152826534,317,0.662,0.17,0,0,8
237,1,58.81,58.81,0.210244715,170,0.176,0.21,0,1,5
238,8,171.98,1375.84,0.367401137,129,1.86,0.33,0,0,14
239,4,146.19,584.76,0.412797096,102,1.176,0.33,1,0,10
240,5,28.12,140.6,0.257632348,35,4.286,0.5,0,0,9
241,3,26.72,80.16,0.064786213,307,0.293,0.46,0,0,3
242,7,113.47,794.29,0.278062492,199,1.055,0.55,0,0,12
243,2,80.83,161.66,0.392904629,301,0.199,0.51,0,0,4
244,5,13.63,68.15,0.061961801,77,1.948,0.19,0,0,9
245,10,28.4,284,0.064052844,321,0.935,0.23,0,1,9
246,7,83.92,587.44,0.229730907,14,15,0.33,1,0,13
247,7,380.3,2662.1,0.336197333,349,0.602,0.06,1,0,10
248,10,132.75,1327.5,0.351952323,131,2.29,0.55,0,0,14
249,1,38.4,38.4,0.077655679,238,0.126,0.07,1,0,4
250,5,210.8,1054,0.201899616,280,0.536,0.23,0,0,10
251,3,34.3,102.9,0.115363144,65,1.385,0.36,0,0,7
252,8,52.46,419.68,0.080986415,138,1.739,0.33,0,0,12
253,7,206.57,1445.99,0.176551262,269,0.781,0.41,0,0,11
254,3,34.05,102.15,0.41601177,228,0.395,0.34,1,0,5
255,1,229.25,229.25,0.269006823,201,0.149,0.18,0,0,6
256,5,9.5,47.5,0.035323472,142,1.056,0.16,1,0,8
257,3,116.7,350.1,0.047587528,100,0.9,0.55,0,0,8
258,6,98.83,592.98,0.17082199,138,1.304,0.2,0,0,12
259,3,165.14,495.42,0.240930046,168,0.536,0.2,1,0,8
260,4,95.43,381.72,0.24333181,99,1.212,0.28,0,0,9
261,5,100.86,504.3,0.203655768,311,0.482,0.13,0,1,8
262,8,49.3,394.4,0.046573761,319,0.752,0.33,0,1,9
263,7,69.46,486.22,0.012625705,327,0.642,0.42,0,0,9
264,5,214.99,1074.95,0.063314796,355,0.423,0.48,1,0,9
265,4,114.74,458.96,0.149853709,66,1.818,0.44,0,0,10
266,6,130.11,780.66,0.468112225,335,0.537,0.13,0,0,10
267,8,101.56,812.48,0.162007473,329,0.729,0.3,1,0,11
268,4,73.69,294.76,0.048492121,47,2.553,0.07,0,1,10
269,3,14.53,43.59,0.345168577,337,0.267,0.06,0,0,3
270,2,190.59,381.18,0.353907248,231,0.26,0.29,0,0,6
271,3,139.38,418.14,0.148913274,308,0.292,0.19,0,0,5
272,9,87.34,786.06,0.177224026,146,1.849,0.43,0,0,14
273,5,42.68,213.4,0.147253211,207,0.725,0.45,0,0,8
274,4,147.4,589.6,0.139068344,146,0.822,0.54,1,0,10
275,7,39.85,278.95,0.401009758,152,1.382,0.47,0,0,10
276,8,132.06,1056.48,0.138732253,279,0.86,0.08,0,0,12
277,4,51.48,205.92,0.081622898,140,0.857,0.25,0,0,8
278,4,106.87,427.48,0.218402462,151,0.795,0.2,0,0,8
279,8,200.97,1607.76,0.172993198,21,11.429,0.26,1,2,15
280,5,94.75,473.75,0.090943482,254,0.591,0.14,0,0,9
281,5,122.56,612.8,0.052375383,64,2.344,0.1,0,0,12
282,6,266.74,1600.44,0.338647228,218,0.826,0.34,0,0,12
283,7,111.8,782.6,0.15587324,72,2.917,0.45,0,0,14
284,2,38.87,77.74,0.106812095,162,0.37,0.44,0,1,5
285,1,135.07,135.07,0.233583213,130,0.231,0.3,0,0,6
286,7,67.13,469.91,0.50797486,69,3.043,0.34,0,0,13
287,5,232.77,1163.85,0.167775178,225,0.667,0.33,0,2,11
288,4,64.9,259.6,0.126675064,246,0.488,0.43,0,0,6
289,4,65.41,261.64,0.200735566,68,1.765,0.08,0,0,9
290,3,120.8,362.4,0.193873506,107,0.841,0.44,0,0,8
291,8,104.98,839.84,0.278833205,109,2.202,0.37,1,0,14
292,7,133.71,935.97,0.296056138,328,0.64,0.16,0,0,10
293,1,60.04,60.04,0.072945534,103,0.291,0.08,1,0,6
294,2,147.86,295.72,0.459766031,141,0.426,0.11,0,0,8
295,4,18.52,74.08,0.208293181,65,1.846,0.34,1,0,8
296,6,54.88,329.28,0.300122208,134,1.343,0.47,0,0,11
297,4,129.41,517.64,0.276644348,199,0.603,0.23,0,0,9
298,6,14.2,85.2,0.131347642,155,1.161,0.26,0,0,8
299,8,116.79,934.32,0.308770036,79,3.038,0.56,0,0,15
300,7,103.4,723.8,0.085934696,250,0.84,0.17,0,0,10
301,5,47.65,238.25,0.037996158,87,1.724,0.11,0,1,9
302,2,116.89,233.78,0.095485549,304,0.197,0.24,0,0,4
303,1,50.06,50.06,0.072164551,241,0.124,0.46,0,0,4
304,7,140.26,981.82,0.113392718,88,2.386,0.39,0,0,13
305,4,108.88,435.52,0.325251141,324,0.37,0.28,0,1,6
306,1,162.75,162.75,0.18545815,172,0.174,0.58,0,0,6
307,6,307.89,1847.34,0.019960265,357,0.504,0.45,0,1,10
308,5,109.97,549.85,0.419312225,17,8.824,0.08,0,0,12
309,8,177.82,1422.56,0.118197106,223,1.076,0.46,0,0,13
310,5,30.81,154.05,0.18157329,294,0.51,0.06,0,0,7
311,4,129.22,516.88,0.297237788,310,0.387,0.41,0,0,7
312,10,8.27,82.7,0.521164345,219,1.37,0.17,1,0,9
313,7,135.14,945.98,0.124425902,234,0.897,0.43,0,0,11
314,4,31.27,125.08,0.382444775,248,0.484,0.22,1,0,5
315,8,148.52,1188.16,0.135656217,52,4.615,0.53,0,0,15
316,5,189.98,949.9,0.321218966,15,10,0.24,1,1,13
317,5,128.23,641.15,0.267223446,324,0.463,0.39,1,0,8
318,5,14.22,71.1,0.131027057,112,1.339,0.21,0,0,8
319,2,60.87,121.74,0.270771289,184,0.326,0.55,0,0,5
320,3,292.61,877.83,0.387373739,360,0.25,0.48,0,1,7
321,4,125.15,500.6,0.302435032,7,17.143,0.18,0,2,11
322,9,143.06,1287.54,0.298517824,51,5.294,0.57,1,0,15
323,1,34.71,34.71,0.216591144,314,0.096,0.25,1,0,3
324,5,40.76,203.8,0.164419207,241,0.622,0.41,1,0,7
325,5,72.85,364.25,0.29324054,245,0.612,0.46,1,0,8
326,5,163.33,816.65,0.380505511,186,0.806,0.06,1,0,11
327,5,43.82,219.1,0.02935455,287,0.523,0.58,0,0,7
328,4,277.03,1108.12,0.151878982,92,1.304,0.24,0,0,11
329,9,20.76,186.84,0.283270836,106,2.547,0.15,0,1,11
330,6,72.24,433.44,0.140622805,13,13.846,0.52,0,0,12
331,2,206.91,413.82,0.261338827,146,0.411,0.44,0,0,8
332,6,34.57,207.42,0.153967458,119,1.513,0.1,0,0,10
333,6,57.47,344.82,0.210064937,203,0.887,0.11,0,0,10
334,6,95.16,570.96,0.079072541,141,1.277,0.44,0,0,12
335,5,35.26,176.3,0.181951105,115,1.304,0.09,1,1,9
336,2,16.63,33.26,0.474208668,152,0.395,0.55,0,0,5
337,5,45.94,229.7,0.271894079,57,2.632,0.46,0,1,10
338,3,190.11,570.33,0.355161201,157,0.573,0.23,1,0,8
339,3,72.05,216.15,0.354198433,310,0.29,0.25,0,0,4
340,3,33.82,101.46,0.100824074,133,0.677,0.33,0,0,6
341,6,34.87,209.22,0.500181256,163,1.104,0.25,0,0,9
342,6,157.14,942.84,0.295186973,275,0.655,0.48,0,0,11
343,4,47.18,188.72,0.021821906,183,0.656,0.59,1,0,7
344,5,114.69,573.45,0.267610317,77,1.948,0.37,0,0,12
345,5,65.13,325.65,0.158843472,325,0.462,0.3,0,0,7
346,7,107,749,0.337575141,44,4.773,0.17,0,0,13
347,5,157.44,787.2,0.431427771,206,0.728,0.41,1,1,11
348,3,165.96,497.88,0.248077041,38,2.368,0.43,0,0,10
349,4,37.76,151.04,0.161810114,318,0.377,0.43,1,1,5
350,7,73.51,514.57,0.060614486,22,9.545,0.06,0,1,13
351,5,55.69,278.45,0.231472511,73,2.055,0.54,1,0,11
352,7,180.32,1262.24,0.317621972,241,0.871,0.24,1,0,11
353,8,37.22,297.76,0.100323814,154,1.558,0.46,1,0,11
354,7,112.54,787.78,0.194923611,237,0.886,0.47,0,0,11
355,5,108.42,542.1,0.622115,5,30,0.41,1,0,12
356,8,40.45,323.6,0.102898413,221,1.086,0.27,0,0,11
357,4,16.74,66.96,0.489575241,310,0.387,0.38,1,0,4
358,6,48.99,293.94,0.14679264,86,2.093,0.07,0,0,11
359,8,65.84,526.72,0.129129051,177,1.356,0.47,0,0,12
360,6,69,414,0.291494386,259,0.695,0.1,0,0,9
361,3,63.92,191.76,0.050026904,220,0.409,0.27,0,0,6
362,8,132.08,1056.64,0.282867315,38,6.316,0.11,0,0,15
363,4,146.77,587.08,0.084613214,142,0.845,0.51,0,1,10
364,7,173.45,1214.15,0.060413962,235,0.894,0.35,0,0,11
365,2,45.05,90.1,0.520792436,203,0.296,0.43,1,1,5
366,10,76.34,763.4,0.132695926,329,0.912,0.43,0,0,10
367,6,215.35,1292.1,0.174668185,294,0.612,0.51,0,0,11
368,4,73.6,294.4,0.529799406,172,0.698,0.12,1,0,8
369,5,53.86,269.3,0.269289705,125,1.2,0.41,0,1,9
370,6,123.18,739.08,0.35967959,326,0.552,0.37,0,1,9
371,4,135.98,543.92,0.204758027,65,1.846,0.07,0,1,11
372,5,73.95,369.75,0.326065467,281,0.534,0.16,0,0,8
373,6,60.09,360.54,0.08494801,272,0.662,0.2,0,0,9
374,3,32.96,98.88,0.241486843,244,0.369,0.09,0,0,4
375,7,62.45,437.15,0.219976538,15,14,0.25,1,1,12
376,7,24.44,171.08,0.138845134,226,0.929,0.06,0,0,9
377,8,175.57,1404.56,0.251658157,131,1.832,0.35,0,0,14
378,4,19.74,78.96,0.234355379,195,0.615,0.17,1,0,6
379,7,48.97,342.79,0.160754291,293,0.717,0.21,0,0,9
380,3,96.69,290.07,0.047390735,209,0.431,0.55,0,0,7
381,4,87.42,349.68,0.297231716,113,1.062,0.33,1,1,9
382,4,41.12,164.48,0.101787355,244,0.492,0.2,0,0,6
383,1,104.65,104.65,0.112261587,166,0.181,0.38,1,0,5
384,1,25.77,25.77,0.13237031,191,0.157,0.16,0,0,5
385,1,97.5,97.5,0.345841047,257,0.117,0.09,1,1,4
386,7,44.83,313.81,0.397561277,327,0.642,0.06,0,0,8
387,5,23.47,117.35,0.108883723,218,0.688,0.57,0,0,7
388,5,66.33,331.65,0.251058454,359,0.418,0.45,0,2,7
389,8,153.84,1230.72,0.116696418,275,0.873,0.49,1,0,12
390,3,42.84,128.52,0.144727765,52,1.731,0.59,1,0,7
391,5,135.72,678.6,0.050345822,158,0.949,0.56,0,0,10
392,3,79.94,239.82,0.031992347,363,0.248,0.46,1,0,4
393,5,34.74,173.7,0.228623848,55,2.727,0.43,0,1,10
394,1,60.29,60.29,0.111957281,14,2.143,0.24,0,1,7
395,7,72.79,509.53,0.141133644,269,0.781,0.11,0,0,10
396,2,20.24,40.48,0.225025617,340,0.176,0.37,1,0,3
397,4,58.97,235.88,0.179376792,90,1.333,0.37,1,0,8
398,6,24.03,144.18,0.147676501,27,6.667,0.57,0,0,10
399,7,145.75,1020.25,0.298781396,89,2.36,0.29,1,0,13
400,9,113.38,1020.42,0.044243478,41,6.585,0.43,0,0,15
401,4,108.76,435.04,0.356643313,304,0.395,0.37,0,0,6
402,1,45.93,45.93,0.141052223,268,0.112,0.15,0,0,4
403,4,35.67,142.68,0.205151021,138,0.87,0.38,1,0,7
404,6,98.01,588.06,0.239801018,6,30,0.35,0,0,13
405,3,143.25,429.75,0.123500758,242,0.372,0.32,0,0,6
406,4,290.46,1161.84,0.277508452,162,0.741,0.33,0,0,10
407,2,180.7,361.4,0.15798381,180,0.333,0.14,0,0,7
408,6,202.98,1217.88,0.01814124,297,0.606,0.3,0,1,11
409,8,166.76,1334.08,0.039097823,6,40,0.38,0,0,15
410,7,73.76,516.32,0.176527512,271,0.775,0.32,1,0,10
411,2,39.2,78.4,0.079482888,272,0.221,0.32,0,0,4
412,6,9.74,58.44,0.159605409,156,1.154,0.09,0,0,8
413,9,67.15,604.35,0.092746561,85,3.176,0.15,1,0,13
414,3,161.65,484.95,0.272806863,200,0.45,0.23,0,0,8
415,8,51.09,408.72,0.294410669,10,24,0.28,1,0,13
416,7,89.01,623.07,0.073873191,138,1.522,0.38,0,0,12
417,6,50.89,305.34,0.105657666,242,0.744,0.52,0,1,9
418,10,112.93,1129.3,0.144774952,201,1.493,0.14,0,0,13
419,5,65.82,329.1,0.172885825,156,0.962,0.06,1,1,9
420,5,2.83,14.15,0.015178424,275,0.545,0.3,1,0,6
421,5,24.7,123.5,0.220231171,225,0.667,0.29,0,1,7
422,5,130.08,650.4,0.022790558,68,2.206,0.35,0,0,12
423,4,7.58,30.32,0.123825854,184,0.652,0.51,0,0,6
424,10,86.01,860.1,0.131559842,195,1.538,0.49,0,0,13
425,3,128.19,384.57,0.038951626,42,2.143,0.11,0,0,9
426,2,22.39,44.78,0.11822402,151,0.397,0.56,0,0,5
427,6,162.66,975.96,0.128787047,84,2.143,0.11,0,0,13
428,4,211.17,844.68,0.334343804,134,0.896,0.4,0,0,11
429,4,27.13,108.52,0.247917147,309,0.388,0.42,1,0,4
430,8,49.09,392.72,0.044360035,354,0.678,0.42,0,1,9
431,5,93.04,465.2,0.261847266,298,0.503,0.2,0,0,8
432,4,232.75,931,0.051672647,30,4,0.23,0,0,12
433,7,59.74,418.18,0.0844538,9,23.333,0.35,0,0,12
434,4,140.38,561.52,0.074076006,170,0.706,0.16,1,0,9
435,2,87.39,174.78,0.473317033,290,0.207,0.06,0,0,5
436,2,48.91,97.82,0.174243949,168,0.357,0.36,0,1,5
437,3,13.57,40.71,0.173889807,344,0.262,0.31,0,0,3
438,3,42.16,126.48,0.202758461,145,0.621,0.41,1,0,6
439,8,42.26,338.08,0.12470287,228,1.053,0.13,0,0,11
440,6,261.78,1570.68,0.09827443,306,0.588,0.51,0,0,10
441,1,151.98,151.98,0.042692399,76,0.395,0.13,0,2,8
442,8,59.04,472.32,0.331061248,223,1.076,0.54,0,0,12
443,5,90.69,453.45,0.397543481,177,0.847,0.3,0,1,9
444,4,46.47,185.88,0.11947105,189,0.635,0.35,0,0,7
445,5,189.93,949.65,0.234541655,302,0.497,0.54,1,1,9
446,7,47.22,330.54,0.552107693,46,4.565,0.21,1,0,12
447,6,42.39,254.34,0.10341525,17,10.588,0.15,0,0,11
448,3,84.58,253.74,0.105557676,66,1.364,0.3,0,0,8
449,4,21.97,87.88,0.359528874,360,0.333,0.18,0,0,4
450,2,69.94,139.88,0.026959677,261,0.23,0.34,0,0,4
451,4,48.26,193.04,0.19039659,123,0.976,0.2,0,0,8
452,1,116.81,116.81,0.344644788,231,0.13,0.53,0,0,4
453,9,198.67,1788.03,0.061226967,125,2.16,0.38,0,0,14
454,3,81.5,244.5,0.156539352,112,0.804,0.05,0,0,7
455,1,91.23,91.23,0.392726116,272,0.11,0.49,0,0,4
456,5,132.49,662.45,0.11382687,81,1.852,0.23,0,1,11
457,4,16.23,64.92,0.060801121,246,0.488,0.23,0,0,5
458,6,54.55,327.3,0.161330297,347,0.519,0.26,1,0,8
459,5,139.85,699.25,0.258661542,328,0.457,0.4,0,0,8
460,8,179.22,1433.76,0.222810404,215,1.116,0.29,1,0,13
461,5,132.63,663.15,0.206022219,352,0.426,0.4,0,0,8
462,7,216.5,1515.5,0.559170083,235,0.894,0.13,1,0,11
463,4,44.14,176.56,0.096983575,82,1.463,0.58,0,0,8
464,1,171.64,171.64,0.139560814,294,0.102,0.45,1,1,5
465,5,81.03,405.15,0.293182713,310,0.484,0.19,0,0,7
466,4,12.06,48.24,0.155722941,76,1.579,0.45,0,2,8
467,3,111.77,335.31,0.283903893,15,6,0.37,0,0,9
468,2,68.09,136.18,0.533505542,220,0.273,0.11,0,0,5
469,12,293.27,3519.24,0.120227123,230,1.565,0.15,0,0,12
470,5,99.12,495.6,0.148082733,265,0.566,0.07,0,0,9
471,10,58.61,586.1,0.256979662,264,1.136,0.5,0,1,11
472,6,89.48,536.88,0.10790268,110,1.636,0.35,0,0,12
473,1,56.14,56.14,0.081085118,307,0.098,0.22,0,0,3
474,6,29.84,179.04,0.257795574,200,0.9,0.12,0,0,9
475,2,83.78,167.56,0.22918757,226,0.265,0.32,0,1,6
476,4,41.51,166.04,0.146459695,185,0.649,0.34,1,0,7
477,5,150.2,751,0.205252509,31,4.839,0.44,1,0,12
478,8,295.97,2367.76,0.065359159,102,2.353,0.58,1,1,14
479,4,61.03,244.12,0.341733464,259,0.463,0.29,1,1,6
480,2,223.22,446.44,0.137354608,99,0.606,0.27,0,0,8
481,1,18.68,18.68,0.151076989,339,0.088,0.25,1,0,3
482,8,160.74,1285.92,0.608434164,299,0.803,0.5,0,0,11
483,8,98.67,789.36,0.04518075,285,0.842,0.14,0,0,12
484,4,120.1,480.4,0.112046833,266,0.451,0.24,1,1,8
485,1,182.91,182.91,0.059636175,140,0.214,0.45,0,0,7
486,9,105.73,951.57,0.226109466,302,0.894,0.06,0,0,11
487,4,20.57,82.28,0.177983118,286,0.42,0.21,0,0,5
488,2,136,272,0.041911093,350,0.171,0.4,0,0,5
489,4,118.82,475.28,0.269267686,216,0.556,0.15,0,0,9
490,3,64.05,192.15,0.226242566,32,2.812,0.22,0,0,8
491,8,72.89,583.12,0.14611103,303,0.792,0.32,0,0,10
492,9,143.45,1291.05,0.278285466,88,3.068,0.28,0,0,14
493,4,95.77,383.08,0.166642595,63,1.905,0.11,0,0,10
494,4,59.34,237.36,0.235883166,279,0.43,0.57,0,0,6
495,5,89.58,447.9,0.48928058,74,2.027,0.07,1,1,11
496,11,32.33,355.63,0.277700981,306,1.078,0.46,0,0,9
497,8,42.59,340.72,0.363696123,124,1.935,0.09,1,0,12
498,6,81.25,487.5,0.546293575,269,0.669,0.31,0,0,10
499,2,77.97,155.94,0.174975035,285,0.211,0.15,0,0,5
500,8,95.06,760.48,0.25071026,121,1.983,0.13,0,1,13
501,7,80.14,560.98,0.288851965,346,0.607,0.12,0,0,9
502,6,25.88,155.28,0.183614356,212,0.849,0.3,0,0,9
503,5,221.06,1105.3,0.20784669,148,1.014,0.33,0,0,12
504,3,177.65,532.95,0.055744333,78,1.154,0.12,0,0,10
505,5,108.14,540.7,0.116366794,14,10.714,0.59,0,0,12
506,3,56.52,169.56,0.459595409,136,0.662,0.19,0,1,7
507,3,161.27,483.81,0.042418198,304,0.296,0.3,1,0,6
508,7,148.85,1041.95,0.284036338,280,0.75,0.17,0,1,11
509,4,202.44,809.76,0.266524587,79,1.519,0.32,1,1,12
510,4,126.82,507.28,0.35927624,243,0.494,0.47,1,0,8
511,6,64.36,386.16,0.557803548,193,0.933,0.34,0,1,10
512,6,123.52,741.12,0.242849227,242,0.744,0.21,1,0,10
513,3,10.53,31.59,0.044634808,51,1.765,0.19,1,0,7
514,4,60.23,240.92,0.099767804,232,0.517,0.47,0,0,6
515,6,258.11,1548.66,0.099386772,259,0.695,0.12,0,2,11
516,6,26.73,160.38,0.229711299,218,0.826,0.25,0,0,9
517,6,15.09,90.54,0.036612722,206,0.874,0.13,0,0,8
518,6,65.68,394.08,0.323807829,314,0.573,0.19,0,0,8
519,3,66.83,200.49,0.081376999,311,0.289,0.13,1,1,4
520,5,153.36,766.8,0.096273027,120,1.25,0.54,1,0,11
521,2,100.49,200.98,0.234781718,80,0.75,0.45,0,1,7
522,5,82.55,412.75,0.09345773,42,3.571,0.36,0,0,11
523,3,17.13,51.39,0.32320982,21,4.286,0.17,1,0,7
524,3,83.89,251.67,0.063619965,10,9,0.33,0,0,8
525,5,44.65,223.25,0.064642724,313,0.479,0.34,0,0,6
526,11,139.49,1534.39,0.369418372,153,2.157,0.37,0,0,13
527,7,85.84,600.88,0.139383149,312,0.673,0.08,0,0,9
528,7,4.69,32.83,0.210735367,294,0.714,0.59,0,0,7
529,4,196.73,786.92,0.126297513,86,1.395,0.31,0,0,11
530,1,31.11,31.11,0.321231068,113,0.265,0.56,0,0,6
531,4,91.51,366.04,0.370314094,189,0.635,0.06,0,0,8
532,5,74.08,370.4,0.23654432,112,1.339,0.19,0,0,10
533,4,120.67,482.68,0.547552737,175,0.686,0.11,0,0,9
534,4,51.38,205.52,0.245216031,310,0.387,0.47,1,0,5
535,7,44.2,309.4,0.150851731,302,0.695,0.23,0,0,8
536,6,70.44,422.64,0.122888044,4,45,0.51,0,0,12
537,8,213.16,1705.28,0.021628516,222,1.081,0.51,0,0,13
538,4,27.97,111.88,0.339542781,221,0.543,0.42,0,0,6
539,3,85.32,255.96,0.206293803,171,0.526,0.42,1,0,6
540,1,103.15,103.15,0.128876048,318,0.094,0.44,0,0,3
541,4,92.7,370.8,0.119685012,213,0.563,0.42,0,1,8
542,1,52.94,52.94,0.111136493,253,0.119,0.26,1,0,4
543,4,61.31,245.24,0.115874885,124,0.968,0.43,0,0,8
544,3,73.29,219.87,0.07523412,128,0.703,0.54,0,1,7
545,5,81.71,408.55,0.282030906,213,0.704,0.23,0,0,9
546,6,9.14,54.84,0.361240354,112,1.607,0.57,1,0,9
547,6,124.02,744.12,0.230692194,85,2.118,0.06,0,0,12
548,4,109.87,439.48,0.177215128,4,30,0.24,1,1,10
549,4,151.27,605.08,0.192026217,65,1.846,0.12,0,0,11
550,5,12.72,63.6,0.033745196,318,0.472,0.12,0,1,5
551,1,101.8,101.8,0.207261166,346,0.087,0.5,1,0,3
552,9,75.01,675.09,0.156091512,120,2.25,0.56,0,0,13
553,7,92.96,650.72,0.313123883,243,0.864,0.48,1,0,10
554,5,70.06,350.3,0.136094326,137,1.095,0.59,1,0,10
555,4,110.68,442.72,0.270384313,247,0.486,0.17,1,1,7
556,5,49.04,245.2,0.18624702,45,3.333,0.13,0,0,10
557,4,88.14,352.56,0.137836432,146,0.822,0.34,0,0,9
558,1,16.32,16.32,0.290430018,176,0.17,0.51,1,0,5
559,3,61.66,184.98,0.449570757,42,2.143,0.07,0,0,8
560,7,64.33,450.31,0.032356132,297,0.707,0.6,0,0,9
561,6,4.54,27.24,0.231631873,89,2.022,0.38,0,0,9
562,10,90.08,900.8,0.420501171,218,1.376,0.59,0,1,13
563,4,106.76,427.04,0.080705271,228,0.526,0.25,0,0,8
564,5,61.18,305.9,0.04991052,298,0.503,0.3,0,0,7
565,6,138.63,831.78,0.09708963,291,0.619,0.46,0,0,11
566,6,197.8,1186.8,0.280680809,67,2.687,0.49,0,0,14
567,8,283.21,2265.68,0.059206463,251,0.956,0.18,0,0,12
568,4,26.01,104.04,0.497614938,41,2.927,0.56,1,0,8
569,3,121.82,365.46,0.027793911,99,0.909,0.53,1,0,8
570,3,91.01,273.03,0.277426699,306,0.294,0.06,0,0,5
571,9,79.79,718.11,0.078011263,360,0.75,0.12,0,1,10
572,7,26.04,182.28,0.195025727,342,0.614,0.32,0,0,7
573,2,81.64,163.28,0.112193953,79,0.759,0.3,0,0,8
574,2,5.91,11.82,0.084070963,301,0.199,0.44,1,0,3
575,4,70.54,282.16,0.107969593,199,0.603,0.1,1,0,8
576,6,15.62,93.72,0.101552901,147,1.224,0.4,1,1,9
577,9,54.44,489.96,0.297828806,106,2.547,0.39,0,0,13
578,11,162.59,1788.49,0.338939113,193,1.71,0.18,0,0,13
579,4,46.86,187.44,0.267534516,122,0.984,0.35,0,0,8
580,7,10.93,76.51,0.089337062,77,2.727,0.17,0,0,10
581,7,101.09,707.63,0.280957563,312,0.673,0.13,0,0,9
582,3,44.54,133.62,0.23571509,112,0.804,0.37,0,0,6
583,7,286.79,2007.53,0.318590937,349,0.602,0.59,0,0,10
584,5,17.79,88.95,0.058468923,297,0.505,0.18,0,1,6
585,2,432.68,865.36,0.284204673,170,0.353,0.25,0,0,9
586,9,51.46,463.14,0.170994424,6,45,0.19,0,0,14
587,6,49.53,297.18,0.391404433,197,0.914,0.2,1,1,10
588,3,21.41,64.23,0.270116924,98,0.918,0.27,0,0,6
589,6,109.12,654.72,0.131549001,329,0.547,0.44,0,0,9
590,3,6.91,20.73,0.047265417,230,0.391,0.07,0,1,4
591,2,102.27,204.54,0.12887675,168,0.357,0.58,1,0,6
592,8,151.04,1208.32,0.240615093,297,0.808,0.08,0,0,12
593,4,25.17,100.68,0.141316684,265,0.453,0.53,1,0,5
594,5,234.95,1174.75,0.308953462,8,18.75,0.54,0,1,13
595,4,39.42,157.68,0.032312547,172,0.698,0.34,1,0,7
596,3,63.82,191.46,0.064786013,360,0.25,0.13,0,0,4
597,4,14.75,59,0.027488908,195,0.615,0.36,0,1,6
598,3,72.74,218.22,0.270592035,269,0.335,0.4,0,0,5
599,11,115.34,1268.74,0.022223283,19,17.368,0.52,0,0,15
600,6,25.69,154.14,0.50664337,354,0.508,0.35,1,0,7
601,5,94.69,473.45,0.369405547,352,0.426,0.28,0,0,8
602,5,110.26,551.3,0.034656049,49,3.061,0.51,0,0,12
603,5,136.76,683.8,0.136178643,356,0.421,0.59,1,0,8
604,3,79.04,237.12,0.215965038,338,0.266,0.4,0,1,4
605,6,186.36,1118.16,0.01854314,158,1.139,0.53,1,0,12
606,4,24.69,98.76,0.249769732,66,1.818,0.38,0,0,8
607,5,106.39,531.95,0.22421047,347,0.432,0.43,1,0,8
608,3,42.4,127.2,0.106535237,59,1.525,0.43,0,0,7
609,7,101.26,708.82,0.228066057,309,0.68,0.44,0,0,9
610,3,86.82,260.46,0.368412539,308,0.292,0.23,0,0,4
611,6,40.78,244.68,0.183362962,337,0.534,0.37,0,1,7
612,7,74.52,521.64,0.238943522,159,1.321,0.38,0,0,11
613,1,39.91,39.91,0.196899937,271,0.111,0.22,0,1,4
614,6,266.65,1599.9,0.159516104,121,1.488,0.24,1,0,13
615,4,128.24,512.96,0.178853348,254,0.472,0.47,1,0,8
616,2,270.46,540.92,0.077493835,261,0.23,0.37,1,0,7
617,2,35.96,71.92,0.02772768,135,0.444,0.13,1,1,6
618,5,13.45,67.25,0.229478933,274,0.547,0.51,1,0,6
619,5,103.56,517.8,0.053063931,56,2.679,0.54,1,0,12
620,3,105.26,315.78,0.071815139,331,0.272,0.31,1,1,5
621,5,134.14,670.7,0.269143942,96,1.562,0.16,0,1,11
622,11,134.73,1482.03,0.195490369,114,2.895,0.57,1,0,14
623,2,257.85,515.7,0.261990116,357,0.168,0.54,1,0,6
624,6,133.8,802.8,0.047616316,28,6.429,0.18,1,0,14
625,5,30.4,152,0.157368593,306,0.49,0.1,0,0,6
626,3,20.24,60.72,0.306872703,2,45,0.29,0,1,7
627,4,271.11,1084.44,0.52187012,212,0.566,0.42,1,0,10
628,10,79.56,795.6,0.180121286,68,4.412,0.15,1,0,15
629,1,199.62,199.62,0.09000945,128,0.234,0.33,0,0,7
630,8,38.06,304.48,0.223223528,333,0.721,0.28,0,1,9
631,3,130.77,392.31,0.10842242,24,3.75,0.54,0,0,9
632,5,37.66,188.3,0.126625146,253,0.593,0.29,0,0,7
633,4,4.03,16.12,0.377210731,230,0.522,0.34,0,0,5
634,11,174.54,1919.94,0.059686917,176,1.875,0.58,0,0,13
635,3,25.64,76.92,0.122794224,221,0.407,0.21,1,0,5
636,4,22.35,89.4,0.165485319,36,3.333,0.21,0,0,8
637,3,72.31,216.93,0.104235443,2,45,0.49,0,0,8
638,3,73.51,220.53,0.144029914,361,0.249,0.2,1,0,4
639,8,98.18,785.44,0.11992608,274,0.876,0.51,0,0,12
640,1,106.87,106.87,0.299196727,177,0.169,0.1,0,0,5
641,5,37.85,189.25,0.426642011,264,0.568,0.11,0,0,7
642,7,22.76,159.32,0.176726686,186,1.129,0.55,0,0,9
643,3,190.37,571.11,0.125883274,15,6,0.35,1,1,10
644,7,144.87,1014.09,0.107374122,279,0.753,0.45,1,0,11
645,5,25.35,126.75,0.074935059,194,0.773,0.17,0,0,7
646,7,15.72,110.04,0.204701661,198,1.061,0.14,0,1,8
647,5,57.67,288.35,0.413624575,349,0.43,0.51,0,1,7
648,7,21.93,153.51,0.191001464,305,0.689,0.25,1,0,7
649,5,55.91,279.55,0.225531528,64,2.344,0.3,1,0,11
650,4,138.37,553.48,0.284768323,290,0.414,0.07,0,0,8
651,5,69.42,347.1,0.24230749,18,8.333,0.26,0,0,11
652,11,176.48,1941.28,0.337514722,64,5.156,0.47,1,0,15
653,7,61.09,427.63,0.289245951,362,0.58,0.5,1,1,8
654,6,168.29,1009.74,0.039248749,330,0.545,0.43,0,0,10
655,3,53.43,160.29,0.222252925,358,0.251,0.43,1,0,4
656,1,3.73,3.73,0.170518888,251,0.12,0.33,0,0,4
657,10,105.21,1052.1,0.079058848,17,17.647,0.35,0,0,15
658,5,9.58,47.9,0.099532482,141,1.064,0.46,0,0,8
659,5,46.92,234.6,0.220154761,308,0.487,0.19,0,0,6
660,3,77.18,231.54,0.134915403,320,0.281,0.18,0,0,4
661,4,90.03,360.12,0.159876256,245,0.49,0.57,0,0,7
662,2,117.47,234.94,0.322784481,290,0.207,0.07,0,0,5
663,2,15.71,31.42,0.068852421,351,0.171,0.13,0,0,3
664,7,32.61,228.27,0.157950211,87,2.414,0.36,0,1,10
665,3,60.17,180.51,0.085627643,199,0.452,0.46,0,0,6
666,1,118.82,118.82,0.30861076,358,0.084,0.35,1,0,3
667,3,94.31,282.93,0.121386614,161,0.559,0.25,0,1,7
668,7,31.84,222.88,0.325842128,140,1.5,0.59,0,0,10
669,5,165.54,827.7,0.254696086,76,1.974,0.44,1,0,13
670,5,16.51,82.55,0.245088345,19,7.895,0.51,0,1,9
671,4,100.81,403.24,0.291725086,330,0.364,0.07,0,0,6
672,5,37.8,189,0.159626427,50,3,0.18,0,0,10
673,5,141.38,706.9,0.06054118,232,0.647,0.26,1,1,9
674,3,46.78,140.34,0.075641156,295,0.305,0.15,1,0,4
675,3,444.04,1332.12,0.291118403,12,7.5,0.09,0,1,11
676,6,102.62,615.72,0.113114037,335,0.537,0.17,0,0,9
677,6,205.26,1231.56,0.200454215,15,12,0.34,0,0,14
678,4,260.74,1042.96,0.364776303,28,4.286,0.43,1,1,12
679,9,62.73,564.57,0.149898934,292,0.925,0.48,0,1,11
680,6,70.93,425.58,0.145877672,321,0.561,0.07,1,0,8
681,5,191.73,958.65,0.210838642,250,0.6,0.29,0,0,10
682,5,83.38,416.9,0.119041177,98,1.531,0.12,0,0,10
683,4,30.63,122.52,0.444479215,303,0.396,0.29,1,1,4
684,10,14.37,143.7,0.06372766,337,0.89,0.29,1,0,7
685,6,92.31,553.86,0.452443331,39,4.615,0.32,0,0,13
686,2,48.1,96.2,0.061102139,38,1.579,0.54,0,0,7
687,4,137.45,549.8,0.521216992,300,0.4,0.49,0,0,7
688,3,53.7,161.1,0.054752817,179,0.503,0.4,0,0,6
689,2,252.91,505.82,0.266843826,97,0.619,0.54,0,1,9
690,5,34.9,174.5,0.137682835,282,0.532,0.42,0,0,7
691,6,23.31,139.86,0.098094843,238,0.756,0.5,0,0,7
692,5,70.1,350.5,0.303781756,164,0.915,0.36,0,0,9
693,10,128.63,1286.3,0.060061893,97,3.093,0.34,0,0,14
694,5,145.92,729.6,0.322016437,257,0.584,0.45,0,1,9
695,5,83.49,417.45,0.326694577,309,0.485,0.06,0,0,7
696,4,263.15,1052.6,0.27231119,262,0.458,0.43,1,0,9
697,4,76.51,306.04,0.097732394,293,0.41,0.56,0,0,7
698,3,61.22,183.66,0.352569576,258,0.349,0.44,0,0,5
699,6,103.71,622.26,0.03935028,249,0.723,0.07,0,0,10
700,4,27.35,109.4,0.18839214,245,0.49,0.26,0,0,5
701,2,167.36,334.72,0.138902579,251,0.239,0.5,0,0,6
702,9,188.64,1697.76,0.240479162,123,2.195,0.58,0,1,14
703,5,89.57,447.85,0.299711382,325,0.462,0.25,0,0,7
704,9,32.74,294.66,0.106584779,169,1.598,0.51,1,0,11
705,5,94.48,472.4,0.368993975,175,0.857,0.53,1,0,10
706,5,254.5,1272.5,0.086108923,269,0.558,0.12,0,0,10
707,1,119.84,119.84,0.097711889,204,0.147,0.52,0,0,5
708,5,142.07,710.35,0.299545944,325,0.462,0.23,0,0,8
709,8,159.8,1278.4,0.172078321,66,3.636,0.38,0,0,15
710,6,26.69,160.14,0.203570981,315,0.571,0.35,0,0,7
711,2,66.26,132.52,0.081929669,324,0.185,0.41,0,0,3
712,5,131.86,659.3,0.292542244,59,2.542,0.46,0,1,12
713,5,19.21,96.05,0.16357161,219,0.685,0.29,1,1,7
714,4,181.06,724.24,0.088790758,266,0.451,0.54,0,1,8
715,6,20.78,124.68,0.2942521,141,1.277,0.5,0,0,9
716,5,51.25,256.25,0.07915307,236,0.636,0.48,1,0,7
717,6,176.36,1058.16,0.274485773,218,0.826,0.3,0,0,12
718,5,71.74,358.7,0.020532029,15,10,0.07,0,0,11
719,4,92.56,370.24,0.181641118,302,0.397,0.32,0,0,6
720,7,284.18,1989.26,0.510046263,138,1.522,0.54,0,0,13
721,5,156.47,782.35,0.200343324,232,0.647,0.15,0,0,10
722,7,74.96,524.72,0.064394334,89,2.36,0.59,0,0,12
723,6,162.73,976.38,0.155272384,77,2.338,0.49,0,0,14
724,4,76.38,305.52,0.098470292,136,0.882,0.44,0,0,9
725,8,65.9,527.2,0.234564743,110,2.182,0.42,1,1,13
726,4,80.55,322.2,0.109188081,353,0.34,0.37,0,0,6
727,3,59.33,177.99,0.224859014,301,0.299,0.45,0,1,4
728,5,44.8,224,0.321691118,91,1.648,0.28,1,0,9
729,10,54.45,544.5,0.152008825,190,1.579,0.51,0,0,12
730,6,49.56,297.36,0.095536,73,2.466,0.43,0,0,12
731,4,33.18,132.72,0.161273019,173,0.694,0.47,0,0,6
732,3,127.4,382.2,0.256819846,35,2.571,0.49,0,0,9
733,3,139.74,419.22,0.299741622,210,0.429,0.1,0,0,7
734,5,66.6,333,0.275918571,298,0.503,0.08,0,0,7
735,2,298.53,597.06,0.154076493,133,0.451,0.49,1,0,9
736,6,198.09,1188.54,0.144849397,283,0.636,0.19,0,1,11
737,2,125.5,251,0.313782657,198,0.303,0.37,0,1,6
738,5,152.27,761.35,0.189660258,32,4.688,0.29,0,0,12
739,2,23.22,46.44,0.283273168,136,0.441,0.06,0,0,6
740,6,185.5,1113,0.435532075,248,0.726,0.07,0,0,11
741,3,46.17,138.51,0.125686546,359,0.251,0.5,0,0,3
742,5,257.21,1286.05,0.297214134,341,0.44,0.38,0,0,9
743,2,423.56,847.12,0.039094249,146,0.411,0.34,0,0,10
744,6,340.87,2045.22,0.337370708,334,0.539,0.57,1,0,10
745,6,128.67,772.02,0.255152509,143,1.259,0.15,1,0,12
746,7,142.8,999.6,0.199350262,234,0.897,0.19,0,0,11
747,6,148.83,892.98,0.415710672,44,4.091,0.47,1,0,14
748,6,63.19,379.14,0.222700988,32,5.625,0.48,0,0,12
749,4,122.82,491.28,0.168446955,231,0.519,0.27,1,0,8
750,4,40.24,160.96,0.117117646,28,4.286,0.57,0,0,9
751,7,253.25,1772.75,0.048939293,160,1.312,0.57,0,0,12
752,5,140.7,703.5,0.211475497,333,0.45,0.06,1,0,8
753,5,196.31,981.55,0.021712007,207,0.725,0.14,0,0,11
754,8,86.94,695.52,0.250064904,18,13.333,0.5,1,1,14
755,4,56.21,224.84,0.075314353,103,1.165,0.23,0,0,8
756,2,24.52,49.04,0.257977872,70,0.857,0.1,0,2,7
757,3,47.7,143.1,0.155754683,119,0.756,0.48,0,0,6
758,4,74.89,299.56,0.32651621,139,0.863,0.3,1,0,9
759,6,143.79,862.74,0.055694901,160,1.125,0.32,0,0,12
760,9,111.79,1006.11,0.130693219,232,1.164,0.15,0,1,12
761,3,100.2,300.6,0.204835217,148,0.608,0.41,1,0,8
762,5,137.48,687.4,0.146702183,353,0.425,0.35,1,1,8
763,3,75.68,227.04,0.150289166,243,0.37,0.16,1,0,5
764,2,137.74,275.48,0.276627306,35,1.714,0.24,0,0,9
765,4,98.93,395.72,0.088260153,325,0.369,0.38,1,0,6
766,9,95.51,859.59,0.147205292,355,0.761,0.56,1,0,11
767,4,44.48,177.92,0.374234898,239,0.502,0.56,1,0,6
768,5,63,315,0.193262155,334,0.449,0.21,0,1,7
769,8,11.49,91.92,0.056850683,149,1.611,0.45,0,0,10
770,8,38.89,311.12,0.519140588,111,2.162,0.48,0,1,12
771,5,172.59,862.95,0.139525292,17,8.824,0.49,0,0,13
772,3,43.19,129.57,0.168397256,226,0.398,0.36,0,0,5
773,9,110.77,996.93,0.475761218,140,1.929,0.06,0,0,14
774,2,39.78,79.56,0.019925318,144,0.417,0.47,0,0,6
775,8,154.34,1234.72,0.179829649,260,0.923,0.11,0,0,12
776,7,116.88,818.16,0.454794086,217,0.968,0.11,0,1,12
777,6,26.41,158.46,0.009521499,162,1.111,0.38,0,0,9
778,9,160.95,1448.55,0.052384352,92,2.935,0.59,1,0,14
779,3,195.3,585.9,0.197542079,174,0.517,0.18,0,0,8
780,6,40.69,244.14,0.197848268,331,0.544,0.41,0,0,7
781,7,68.05,476.35,0.095696648,205,1.024,0.22,0,0,11
782,7,33.88,237.16,0.283773033,153,1.373,0.54,0,1,9
783,5,149.66,748.3,0.091101485,103,1.456,0.38,1,0,11
784,5,85.18,425.9,0.092290526,202,0.743,0.16,0,0,9
785,1,84.74,84.74,0.251445551,280,0.107,0.19,0,0,4
786,7,74.26,519.82,0.150533896,65,3.231,0.29,0,0,13
787,4,201.76,807.04,0.099680053,117,1.026,0.12,1,1,11
788,7,322.74,2259.18,0.316960427,153,1.373,0.09,0,0,12
789,5,197.48,987.4,0.129143778,156,0.962,0.42,0,1,11
790,5,152.58,762.9,0.067549997,164,0.915,0.27,0,1,10
791,3,55.59,166.77,0.133937648,82,1.098,0.45,0,0,7
792,5,49.57,247.85,0.187683821,6,25,0.11,0,0,10
793,5,45.07,225.35,0.034706294,322,0.466,0.39,0,0,6
794,4,63.01,252.04,0.23409461,67,1.791,0.29,0,0,9
795,3,58.06,174.18,0.175039915,238,0.378,0.08,0,0,5
796,3,131.96,395.88,0.132330897,72,1.25,0.35,0,0,9
797,5,19.6,98,0.295191459,95,1.579,0.1,0,0,8
798,10,61.35,613.5,0.104301715,304,0.987,0.51,0,1,10
799,2,10.37,20.74,0.199045634,326,0.184,0.4,0,0,3
800,5,155,775,0.15240968,78,1.923,0.36,0,0,13
801,3,62,186,0.019964201,67,1.343,0.12,1,0,8
802,4,249.77,999.08,0.393260914,176,0.682,0.21,0,0,10
803,6,138.19,829.14,0.039965255,321,0.561,0.32,0,0,10
804,3,10.65,31.95,0.340320332,172,0.523,0.4,0,1,5
805,4,23.23,92.92,0.427391306,255,0.471,0.15,0,0,5
806,4,60.32,241.28,0.161046254,63,1.905,0.05,0,2,9
807,5,327.41,1637.05,0.2235542,302,0.497,0.24,0,0,9
808,8,36.23,289.84,0.084138504,246,0.976,0.32,0,0,10
809,5,96.56,482.8,0.153012816,192,0.781,0.15,1,0,10
810,6,171.46,1028.76,0.113585493,329,0.547,0.32,0,1,10
811,3,200.37,601.11,0.025814336,71,1.268,0.24,0,0,10
812,4,74.33,297.32,0.268352532,229,0.524,0.3,1,0,7
813,5,32.63,163.15,0.213859901,63,2.381,0.24,0,0,10
814,6,82.28,493.68,0.152524697,297,0.606,0.4,1,0,10
815,7,164.09,1148.63,0.09725418,245,0.857,0.07,0,0,11
816,5,134.44,672.2,0.20175794,7,21.429,0.14,0,0,12
817,2,12.85,25.7,0.281379158,260,0.231,0.29,0,0,4
818,6,17.22,103.32,0.295045268,89,2.022,0.25,1,0,9
819,4,168.3,673.2,0.34873999,177,0.678,0.27,1,0,9
820,2,25.48,50.96,0.050916565,204,0.294,0.49,0,0,5
821,4,22.48,89.92,0.29540166,134,0.896,0.54,0,0,7
822,2,89.16,178.32,0.123629541,82,0.732,0.19,0,1,7
823,3,163.33,489.99,0.347606878,21,4.286,0.51,0,0,10
824,4,232.56,930.24,0.118842589,128,0.938,0.3,1,0,11
825,7,27.03,189.21,0.071240952,195,1.077,0.2,0,0,9
826,5,314.94,1574.7,0.096143457,194,0.773,0.59,0,0,11
827,5,11.67,58.35,0.31965823,184,0.815,0.5,1,0,7
828,7,54.86,384.02,0.069575525,247,0.85,0.6,1,0,9
829,9,125.01,1125.09,0.032371709,361,0.748,0.14,0,0,11
830,7,31.05,217.35,0.406909926,360,0.583,0.13,0,0,7
831,6,64.87,389.22,0.082268364,324,0.556,0.33,1,0,8
832,6,56.87,341.22,0.365709216,160,1.125,0.4,0,0,10
833,9,14.72,132.48,0.320800919,194,1.392,0.14,0,0,9
834,2,79.08,158.16,0.056994905,110,0.545,0.52,0,0,7
835,3,44.76,134.28,0.203728893,66,1.364,0.34,1,0,7
836,9,38.64,347.76,0.152897915,254,1.063,0.28,0,0,10
837,3,57.2,171.6,0.15190794,283,0.318,0.38,0,0,5
838,8,196.78,1574.24,0.648556575,60,4,0.4,0,0,15
839,5,168.01,840.05,0.314663724,118,1.271,0.07,1,1,12
840,4,4.88,19.52,0.109185193,44,2.727,0.6,1,0,8
841,9,145.59,1310.31,0.364398399,210,1.286,0.25,1,0,13
842,2,29.97,59.94,0.283384258,36,1.667,0.08,0,0,7
843,5,257.35,1286.75,0.205015605,19,7.895,0.52,1,0,13
844,10,31.78,317.8,0.004175351,91,3.297,0.6,1,1,12
845,5,133.52,667.6,0.099758255,301,0.498,0.5,1,0,8
846,4,57.72,230.88,0.164876006,212,0.566,0.52,1,0,7
847,7,111.37,779.59,0.100211492,222,0.946,0.39,0,0,12
848,3,59.85,179.55,0.054477077,217,0.415,0.56,0,1,6
849,6,26.62,159.72,0.276210401,223,0.807,0.07,1,1,9
850,3,40.02,120.06,0.125408313,98,0.918,0.47,1,0,6
851,3,12.72,38.16,0.411299618,19,4.737,0.42,0,0,7
852,4,175.68,702.72,0.196396728,297,0.404,0.08,0,0,8
853,1,142.55,142.55,0.144107199,26,1.154,0.35,0,1,7
854,2,101.76,203.52,0.226283983,28,2.143,0.33,0,0,8
855,4,107.56,430.24,0.222939328,64,1.875,0.43,0,0,10
856,5,34.43,172.15,0.455258782,324,0.463,0.09,1,2,6
857,8,93.47,747.76,0.128817643,223,1.076,0.49,0,0,12
858,7,48.46,339.22,0.145629984,80,2.625,0.13,0,0,11
859,7,295.8,2070.6,0.176354463,51,4.118,0.28,0,0,14
860,2,108.66,217.32,0.261153397,102,0.588,0.53,0,0,7
861,6,42.67,256.02,0.129926765,176,1.023,0.36,0,0,9
862,8,60.8,486.4,0.165015822,10,24,0.26,0,0,14
863,6,78.41,470.46,0.281975088,237,0.759,0.08,0,0,10
864,4,57.22,228.88,0.072302849,100,1.2,0.42,0,0,8
865,4,32.63,130.52,0.336686905,228,0.526,0.59,0,0,6
866,4,113.58,454.32,0.197658618,64,1.875,0.55,0,1,10
867,1,147.37,147.37,0.067452359,19,1.579,0.44,0,0,7
868,6,156.04,936.24,0.147933284,332,0.542,0.11,0,0,10
869,8,134.08,1072.64,0.254443917,318,0.755,0.18,1,0,11
870,7,33.27,232.89,0.070148164,141,1.489,0.15,0,0,10
871,7,134.46,941.22,0.189867092,25,8.4,0.25,1,0,14
872,6,134.05,804.3,0.064764107,228,0.789,0.18,0,0,12
873,6,116,696,0.029308353,89,2.022,0.18,1,0,12
874,4,164.73,658.92,0.164383332,92,1.304,0.39,0,0,10
875,3,44.84,134.52,0.046438581,42,2.143,0.23,0,0,7
876,6,62.76,376.56,0.24907156,295,0.61,0.42,0,0,9
877,3,154.11,462.33,0.055032241,81,1.111,0.57,0,0,9
878,10,77.27,772.7,0.405426696,107,2.804,0.4,0,0,13
879,5,49.54,247.7,0.465524426,111,1.351,0.46,0,0,9
880,6,103.16,618.96,0.077864343,277,0.65,0.46,1,1,10
881,6,198.75,1192.5,0.06846323,214,0.841,0.23,0,0,12
882,4,46.2,184.8,0.188881364,231,0.519,0.06,0,1,6
883,6,301.66,1809.96,0.16954274,306,0.588,0.08,0,1,10
884,5,42.18,210.9,0.133819618,121,1.24,0.21,1,0,9
885,3,73.9,221.7,0.328222013,134,0.672,0.43,0,0,7
886,2,228.23,456.46,0.075772845,306,0.196,0.55,0,0,5
887,3,82.99,248.97,0.11183108,208,0.433,0.58,0,1,6
888,2,163.51,327.02,0.301151088,257,0.233,0.06,0,0,6
889,8,21.01,168.08,0.096807025,185,1.297,0.59,1,0,10
890,7,56.39,394.73,0.202696862,286,0.734,0.23,1,0,9
891,4,92.62,370.48,0.124071259,363,0.331,0.51,0,0,6
892,3,18.04,54.12,0.166041845,180,0.5,0.15,0,0,5
893,3,24.93,74.79,0.54338657,48,1.875,0.08,0,0,7
894,6,138.72,832.32,0.100582508,87,2.069,0.26,0,0,13
895,5,66.54,332.7,0.288401297,19,7.895,0.52,0,0,11
896,1,55.49,55.49,0.111496616,46,0.652,0.17,0,0,7
897,8,58.44,467.52,0.407284842,56,4.286,0.13,0,1,14
898,9,262.94,2366.46,0.130961809,229,1.179,0.55,1,0,12
899,4,163.28,653.12,0.273057442,145,0.828,0.57,0,0,10
900,7,130.44,913.08,0.048862012,92,2.283,0.06,1,0,13
901,3,76.1,228.3,0.163870813,82,1.098,0.45,1,0,7
902,7,17.21,120.47,0.294910261,225,0.933,0.22,1,0,8
903,5,82.48,412.4,0.402514003,79,1.899,0.26,0,0,11
904,6,63.11,378.66,0.19249293,150,1.2,0.31,1,0,10
905,8,14.06,112.48,0.190037053,361,0.665,0.28,1,0,7
906,2,276.14,552.28,0.183947905,283,0.212,0.33,0,0,7
907,4,156.76,627.04,0.315280448,311,0.386,0.37,0,0,7
908,9,120.48,1084.32,0.212682136,160,1.688,0.31,0,0,13
909,4,12.63,50.52,0.163284619,316,0.38,0.44,1,0,4
910,4,185.35,741.4,0.177961511,156,0.769,0.45,1,0,9
911,3,61.78,185.34,0.242330974,156,0.577,0.29,1,0,6
912,4,57.02,228.08,0.156115018,202,0.594,0.13,1,0,7
913,4,111.58,446.32,0.095335279,341,0.352,0.4,0,1,6
914,6,92.78,556.68,0.244911509,342,0.526,0.48,0,0,9
915,7,22.08,154.56,0.31089162,117,1.795,0.4,0,0,10
916,3,67.85,203.55,0.171912172,154,0.584,0.37,0,0,6
917,6,23.39,140.34,0.056379378,364,0.495,0.18,0,1,6
918,8,25.39,203.12,0.293480101,331,0.725,0.4,1,0,8
919,7,114.98,804.86,0.1990483,119,1.765,0.23,1,0,13
920,3,83.19,249.57,0.160542827,199,0.452,0.56,0,1,6
921,4,231.05,924.2,0.266845585,263,0.456,0.41,0,0,9
922,6,35.08,210.48,0.089549389,184,0.978,0.2,0,0,9
923,8,251.98,2015.84,0.2740519,148,1.622,0.31,0,0,14
924,3,47.21,141.63,0.099469016,166,0.542,0.52,0,0,5
925,4,53.84,215.36,0.060667823,75,1.6,0.23,0,0,9
926,3,38.5,115.5,0.011209051,236,0.381,0.34,1,0,4
927,8,103.98,831.84,0.087758025,314,0.764,0.42,1,1,11
928,1,140.59,140.59,0.214217518,272,0.11,0.46,1,0,4
929,3,45.57,136.71,0.10061485,179,0.503,0.15,0,0,5
930,7,220.31,1542.17,0.321011903,283,0.742,0.36,0,0,11
931,5,32.88,164.4,0.078256793,51,2.941,0.55,0,0,10
932,9,86.26,776.34,0.177262192,75,3.6,0.58,1,0,15
933,5,122.71,613.55,0.238039259,144,1.042,0.41,1,0,11
934,4,162.54,650.16,0.259034186,343,0.35,0.59,0,0,7
935,5,205.24,1026.2,0.368796373,188,0.798,0.36,1,1,11
936,7,69.17,484.19,0.153349988,123,1.707,0.29,0,0,12
937,3,123.96,371.88,0.4352227,332,0.271,0.35,0,0,5
938,6,126.01,756.06,0.136106243,251,0.717,0.11,1,1,10
939,7,39.21,274.47,0.095679226,296,0.709,0.27,1,0,9
940,4,70.15,280.6,0.235805549,323,0.372,0.3,0,1,6
941,4,33.43,133.72,0.122909739,130,0.923,0.52,0,0,7
942,4,55.51,222.04,0.123821893,252,0.476,0.47,0,0,6
943,3,74.03,222.09,0.247496598,358,0.251,0.38,0,0,4
944,4,121.39,485.56,0.085144605,180,0.667,0.24,1,0,9
945,2,55.06,110.12,0.041402995,349,0.172,0.15,0,0,3
946,7,161.59,1131.13,0.08334985,110,1.909,0.24,0,0,13
947,6,21.79,130.74,0.497999163,338,0.533,0.42,0,0,6
948,7,58.05,406.35,0.221774281,78,2.692,0.19,1,1,12
949,5,50.5,252.5,0.091406988,2,75,0.28,1,0,10
950,4,156.23,624.92,0.243492339,321,0.374,0.26,1,0,7
951,5,63.97,319.85,0.318244107,276,0.543,0.47,0,0,8
952,4,54.08,216.32,0.06253566,290,0.414,0.54,1,0,6
953,7,26.03,182.21,0.281656242,297,0.707,0.43,0,0,8
954,5,129.85,649.25,0.229723187,169,0.888,0.24,0,0,10
955,6,15.09,90.54,0.255820906,240,0.75,0.29,1,0,7
956,5,133.36,666.8,0.088195673,23,6.522,0.13,0,0,12
957,2,74.66,149.32,0.124514485,294,0.204,0.14,0,0,5
958,4,51.97,207.88,0.355789153,172,0.698,0.14,0,0,7
959,4,61.64,246.56,0.169584425,323,0.372,0.12,0,0,5
960,6,63.97,383.82,0.161863811,318,0.566,0.15,0,0,8
961,11,63.09,693.99,0.143212065,286,1.154,0.16,1,0,11
962,6,8.39,50.34,0.318448708,343,0.525,0.11,0,0,6
963,8,165.3,1322.4,0.260532772,193,1.244,0.4,0,0,13
964,5,29.42,147.1,0.192010806,169,0.888,0.59,1,2,7
965,3,32.8,98.4,0.111072543,118,0.763,0.53,1,0,6
966,5,66.3,331.5,0.015201466,6,25,0.08,0,0,11
967,1,142.04,142.04,0.172921237,331,0.091,0.28,0,1,3
968,8,99.64,797.12,0.041171903,132,1.818,0.52,0,0,14
969,6,34.16,204.96,0.190091939,93,1.935,0.12,0,0,10
970,4,211.17,844.68,0.066599217,251,0.478,0.52,0,0,9
971,7,69.46,486.22,0.147282604,10,21,0.38,0,0,13
972,1,264.79,264.79,0.168268731,51,0.588,0.56,0,0,8
973,7,114.39,800.73,0.396852929,349,0.602,0.53,0,0,10
974,3,117.71,353.13,0.257702095,294,0.306,0.42,0,0,6
975,9,42.4,381.6,0.231056202,129,2.093,0.41,0,0,12
976,4,13.83,55.32,0.15208829,249,0.482,0.17,0,1,5
977,2,36.88,73.76,0.201386443,102,0.588,0.11,0,0,6
978,4,146.22,584.88,0.174200919,337,0.356,0.28,0,0,7
979,6,95.19,571.14,0.059519114,83,2.169,0.15,0,0,12
980,2,25.34,50.68,0.169351949,191,0.314,0.11,0,0,5
981,1,260.04,260.04,0.137719747,143,0.21,0.22,1,0,7
982,7,86.56,605.92,0.121091246,237,0.886,0.52,0,0,10
983,7,97.54,682.78,0.354467384,287,0.732,0.06,0,0,10
984,6,125.65,753.9,0.258175889,277,0.65,0.21,0,0,10
985,8,46,368,0.460782491,291,0.825,0.28,0,0,10
986,7,199.19,1394.33,0.296873347,169,1.243,0.33,1,0,12
987,5,17.3,86.5,0.238214221,144,1.042,0.15,0,0,8
988,6,127.51,765.06,0.181557515,184,0.978,0.58,0,0,11
989,6,378.39,2270.34,0.062594285,45,4,0.37,0,0,14
990,7,11.74,82.18,0.143725929,243,0.864,0.34,1,0,7
991,6,21.34,128.04,0.16308443,315,0.571,0.05,1,0,6
992,3,155.54,466.62,0.248594456,268,0.336,0.32,0,1,7
993,3,13.91,41.73,0.187154716,253,0.356,0.51,0,0,4
994,1,120.05,120.05,0.052845289,289,0.104,0.17,1,0,4
995,5,84.05,420.25,0.404791665,212,0.708,0.24,1,1,9
996,3,126.42,379.26,0.010835286,177,0.508,0.06,0,1,7
997,9,47.54,427.86,0.31272956,21,12.857,0.59,0,0,13
998,8,69.78,558.24,0.136414894,316,0.759,0.09,0,0,10
999,4,87.81,351.24,0.43565804,52,2.308,0.54,0,0,10
1000,2,153.87,307.74,0.134167059,233,0.258,0.22,0,0,6
